{
    "interactionModel": {
        "languageModel": {
            "invocationName": "roll call",
            "intents": [
                {
                    "name": "AMAZON.FallbackIntent",
                    "samples": []
                },
                {
                    "name": "AMAZON.CancelIntent",
                    "samples": []
                },
                {
                    "name": "AMAZON.HelpIntent",
                    "samples": []
                },
                {
                    "name": "AMAZON.StopIntent",
                    "samples": []
                },
                {
                    "name": "ColdCall",
                    "slots": [
                        {
                            "name": "courseNumber",
                            "type": "AMAZON.FOUR_DIGIT_NUMBER",
                            "samples": [
                                "from the class number {courseNumber}",
                                "from the course number {courseNumber}",
                                "from course number {courseNumber}",
                                "from class number {courseNumber}",
                                "from the number {courseNumber}",
                                "from number {courseNumber}",
                                "for the class number {courseNumber}",
                                "for the course number {courseNumber}",
                                "for class number {courseNumber}",
                                "for course number {courseNumber}",
                                "for number {courseNumber}",
                                "number {courseNumber}",
                                "class {courseNumber}",
                                "course {courseNumber}",
                                "{courseNumber}",
                                "from class {courseNumber}",
                                "from course {courseNumber}",
                                "from {courseNumber}",
                                "for class {courseNumber}",
                                "for {courseNumber}",
                                "for course {courseNumber}"
                            ]
                        }
                    ],
                    "samples": [
                        "call on student from course {courseNumber}",
                        "say a student",
                        "call student",
                        "tell roll call to say a name",
                        "say a name",
                        "tell roll call to call on a student",
                        "call on a student",
                        "cold call",
                        "tell roll call to cold call"
                    ]
                },
                {
                    "name": "GroupPresent",
                    "slots": [
                        {
                            "name": "courseNumber",
                            "type": "AMAZON.FOUR_DIGIT_NUMBER",
                            "samples": [
                                "{courseNumber}",
                                "course {courseNumber}",
                                "the course number is {courseNumber}"
                            ]
                        },
                        {
                            "name": "groupNumber",
                            "type": "AMAZON.NUMBER",
                            "samples": [
                                "{groupNumber}",
                                "{groupNumber} people",
                                "{groupNumber} people in each group",
                                "Each group has {groupNumber} people"
                            ]
                        }
                    ],
                    "samples": [
                        "create a presentation order with {groupNumber} in each group for course {courseNumber}",
                        "create a presentation order with {groupNumber} in each group",
                        "create a presentation order",
                        "make presentation groups of {groupNumber} for course {courseNumber}",
                        "make presentation groups of {groupNumber}",
                        "make presentation groups",
                        "create a presentation order for course {courseNumber} with {groupNumber} in each group"
                    ]
                },
                {
                    "name": "AMAZON.MoreIntent",
                    "samples": []
                },
                {
                    "name": "AMAZON.NavigateHomeIntent",
                    "samples": []
                },
                {
                    "name": "AMAZON.NavigateSettingsIntent",
                    "samples": []
                },
                {
                    "name": "AMAZON.NextIntent",
                    "samples": []
                },
                {
                    "name": "AMAZON.PageUpIntent",
                    "samples": []
                },
                {
                    "name": "AMAZON.PageDownIntent",
                    "samples": []
                },
                {
                    "name": "AMAZON.PreviousIntent",
                    "samples": []
                },
                {
                    "name": "AMAZON.ScrollRightIntent",
                    "samples": []
                },
                {
                    "name": "AMAZON.ScrollDownIntent",
                    "samples": []
                },
                {
                    "name": "AMAZON.ScrollLeftIntent",
                    "samples": []
                },
                {
                    "name": "AMAZON.ScrollUpIntent",
                    "samples": []
                },
                {
                    "name": "QuizQuestion",
                    "slots": [
                        {
                            "name": "questionSet",
                            "type": "AMAZON.FOUR_DIGIT_NUMBER",
                            "samples": [
                                "{questionSet}",
                                "question set {questionSet}",
                                "For question set {questionSet}"
                            ]
                        }
                    ],
                    "samples": [
                        "give me a question from {questionSet}",
                        "quiz question",
                        "say a question",
                        "give me a question ",
                        "ask a question from {questionSet}",
                        "ask a question"
                    ]
                },
                {
                    "name": "CorrectAnswer",
                    "slots": [
                        {
                            "name": "Answer",
                            "type": "Answer",
                            "samples": [
                                "{Answer}"
                            ]
                        }
                    ],
                    "samples": []
                }
            ],
            "types": [
                {
                    "name": "Answer",
                    "values": [
                        {
                            "name": {
                                "value": "partial",
                                "synonyms": [
                                    "a little off",
                                    "half credit",
                                    "kind of",
                                    "maybe",
                                    "almost there",
                                    "not quite"
                                ]
                            }
                        },
                        {
                            "name": {
                                "value": "no",
                                "synonyms": [
                                    "invalid",
                                    "incorrect",
                                    "nope"
                                ]
                            }
                        },
                        {
                            "name": {
                                "value": "yes",
                                "synonyms": [
                                    "valid",
                                    "correct",
                                    "right"
                                ]
                            }
                        }
                    ]
                }
            ]
        },
        "dialog": {
            "intents": [
                {
                    "name": "ColdCall",
                    "confirmationRequired": false,
                    "prompts": {},
                    "slots": [
                        {
                            "name": "courseNumber",
                            "type": "AMAZON.FOUR_DIGIT_NUMBER",
                            "confirmationRequired": false,
                            "elicitationRequired": true,
                            "prompts": {
                                "elicitation": "Elicit.Slot.904927354859.28482745767"
                            }
                        }
                    ]
                },
                {
                    "name": "GroupPresent",
                    "confirmationRequired": false,
                    "prompts": {},
                    "slots": [
                        {
                            "name": "courseNumber",
                            "type": "AMAZON.FOUR_DIGIT_NUMBER",
                            "confirmationRequired": false,
                            "elicitationRequired": true,
                            "prompts": {
                                "elicitation": "Elicit.Slot.427601158270.1491891020254"
                            }
                        },
                        {
                            "name": "groupNumber",
                            "type": "AMAZON.NUMBER",
                            "confirmationRequired": false,
                            "elicitationRequired": true,
                            "prompts": {
                                "elicitation": "Elicit.Slot.427601158270.166483079185"
                            }
                        }
                    ]
                },
                {
                    "name": "QuizQuestion",
                    "confirmationRequired": false,
                    "prompts": {},
                    "slots": [
                        {
                            "name": "questionSet",
                            "type": "AMAZON.FOUR_DIGIT_NUMBER",
                            "confirmationRequired": false,
                            "elicitationRequired": true,
                            "prompts": {
                                "elicitation": "Elicit.Slot.926874369756.691347353441"
                            }
                        }
                    ]
                },
                {
                    "name": "CorrectAnswer",
                    "confirmationRequired": false,
                    "prompts": {},
                    "slots": [
                        {
                            "name": "Answer",
                            "type": "Answer",
                            "confirmationRequired": false,
                            "elicitationRequired": true,
                            "prompts": {
                                "elicitation": "Elicit.Slot.379611309446.1228870032399"
                            }
                        }
                    ]
                }
            ]
        },
        "prompts": [
            {
                "id": "Elicit.Slot.904927354859.28482745767",
                "variations": [
                    {
                        "type": "PlainText",
                        "value": "For which course number?"
                    }
                ]
            },
            {
                "id": "Elicit.Slot.1451265714234.1409822826068",
                "variations": [
                    {
                        "type": "PlainText",
                        "value": "For which course number?"
                    }
                ]
            },
            {
                "id": "Elicit.Slot.1409083639520.289424935063",
                "variations": [
                    {
                        "type": "PlainText",
                        "value": "For which course number?"
                    }
                ]
            },
            {
                "id": "Elicit.Slot.1038680690908.1307280279154",
                "variations": [
                    {
                        "type": "PlainText",
                        "value": "For which course number?"
                    }
                ]
            },
            {
                "id": "Elicit.Slot.427601158270.166483079185",
                "variations": [
                    {
                        "type": "PlainText",
                        "value": "How many people are in each group?"
                    }
                ]
            },
            {
                "id": "Elicit.Slot.427601158270.1491891020254",
                "variations": [
                    {
                        "type": "PlainText",
                        "value": "What is the course number?"
                    }
                ]
            },
            {
                "id": "Elicit.Slot.926874369756.691347353441",
                "variations": [
                    {
                        "type": "PlainText",
                        "value": "For which question set?"
                    }
                ]
            },
            {
                "id": "Elicit.Slot.379611309446.1228870032399",
                "variations": [
                    {
                        "type": "PlainText",
                        "value": "Is this answer correct?"
                    }
                ]
            }
        ]
    }
}
